Username,TweetTot,RT,Tweet,Percentuale,Follower,Totale,Differenza,neutral,positive,negative,Code
_Carabinieri_,1,0,1,0.0368,18767,2720,2719,1,0,0,ITA
_Co_Bra_,1,0,1,0.0368,37,2720,2719,1,0,0,ITA
_silviaJZ4_,1,1,0,0.0368,2617,2720,2719,0,0,1,ITA
01e3feec74fe4e6,1,1,0,0.0368,142,2720,2719,1,0,0,ITA
109lore,2,1,1,0.0735,152,2720,2718,2,0,0,ITA
13doule,1,1,0,0.0368,562,2720,2719,1,0,0,ITA
1lupogrigio,2,2,0,0.0735,1674,2720,2718,2,0,0,ITA
2014Monaco,1,1,0,0.0368,35,2720,2719,1,0,0,ITA
24zampe,4,3,1,0.1471,2676,2720,2716,3,1,0,ITA
25a1f0b80464487,64,53,11,23.529,56,2720,2656,64,0,0,ITA
37Boogie,4,0,4,0.1471,35,2720,2716,4,0,0,ITA
7SirAlex,1,0,1,0.0368,181,2720,2719,1,0,0,ITA
84Pablita,7,7,0,0.2574,67,2720,2713,7,0,0,ITA
87Sary,1,1,0,0.0368,3787,2720,2719,1,0,0,ITA
93607bc97c2b480,1,1,0,0.0368,143,2720,2719,1,0,0,ITA
a_portigliatti,1,1,0,0.0368,648,2720,2719,1,0,0,ESP
aamaa_es,1,1,0,0.0368,2464,2720,2719,1,0,0,ITA
abioplastiche,1,1,0,0.0368,1700,2720,2719,1,0,0,ITA
adbonanni,1,1,0,0.0368,110,2720,2719,1,0,0,ITA
adriespo,2,0,2,0.0735,635,2720,2718,2,0,0,ESP
AEAFMA,1,1,0,0.0368,5167,2720,2719,1,0,0,ITA
Agenzia_Dire,1,0,1,0.0368,7206,2720,2719,1,0,0,ITA
AgiproNews,2,0,2,0.0735,1649,2720,2718,2,0,0,ITA
Agricolae1,2,0,2,0.0735,3666,2720,2718,2,0,0,ITA
ailinon80,2,2,0,0.0735,399,2720,2718,2,0,0,ITA
AiseStampa,1,0,1,0.0368,3747,2720,2719,1,0,0,USA
ak1010,1,1,0,0.0368,946,2720,2719,1,0,0,ITA
alberto_pilotto,1,1,0,0.0368,3304,2720,2719,1,0,0,ITA
AlbertoIonna,1,1,0,0.0368,775,2720,2719,1,0,0,ITA
alcinx,16,16,0,0.5882,236,2720,2704,16,0,0,ITA
aldoceccarelli,2,2,0,0.0735,11865,2720,2718,2,0,0,ITA
alebarone80,1,1,0,0.0368,338,2720,2719,1,0,0,ITA
alehastasiempre,1,1,0,0.0368,1219,2720,2719,1,0,0,GBR
AlePalmi82,1,0,1,0.0368,152,2720,2719,0,1,0,ITA
Alescios,1,1,0,0.0368,143,2720,2719,1,0,0,ITA
Alessan61795171,1,0,1,0.0368,14,2720,2719,0,0,1,ITA
AlessandraRaina,1,1,0,0.0368,330,2720,2719,0,0,1,ITA
alessandro_diz,1,1,0,0.0368,189,2720,2719,1,0,0,ITA
alessiabrunett,43,43,0,15.809,116,2720,2677,43,0,0,ITA
AlessioFraumene,1,1,0,0.0368,120,2720,2719,1,0,0,ITA
alexandercaper1,1,1,0,0.0368,176,2720,2719,0,1,0,ITA
AlexFacchinetti,1,1,0,0.0368,584,2720,2719,0,1,0,ITA
AlexKensei77,1,0,1,0.0368,96,2720,2719,1,0,0,GBR
alexniculae,1,1,0,0.0368,23,2720,2719,1,0,0,ITA
ALFONSODiego669,1,0,1,0.0368,7,2720,2719,0,1,0,ITA
AlfonsoDinamite,1,0,1,0.0368,17,2720,2719,1,0,0,ITA
AliceBenacchio,1,1,0,0.0368,29,2720,2719,1,0,0,ITA
allattamento,1,1,0,0.0368,1176,2720,2719,1,0,0,ESP
AMAKD301,1,1,0,0.0368,760,2720,2719,1,0,0,ITA
amdisessa,1,1,0,0.0368,765,2720,2719,1,0,0,ITA
AmodeoCesare,1,1,0,0.0368,33,2720,2719,1,0,0,ITA
AmoSaletta,2,2,0,0.0735,20,2720,2718,2,0,0,ITA
and_bassi,1,1,0,0.0368,1340,2720,2719,1,0,0,ITA
ANDAF_CFO,1,1,0,0.0368,208,2720,2719,1,0,0,ITA
AndFranchini,10,8,2,0.3676,16479,2720,2710,6,4,0,ITA
Andrea_Covre,1,1,0,0.0368,744,2720,2719,1,0,0,ITA
Andrea_Radic,1,0,1,0.0368,31903,2720,2719,1,0,0,ITA
AndreaBrandima1,1,1,0,0.0368,328,2720,2719,1,0,0,ITA
andrearipa90,2,2,0,0.0735,64,2720,2718,2,0,0,ITA
ANDREAZANETTIN,1,1,0,0.0368,4103,2720,2719,0,1,0,ITA
andruszka71,2,1,1,0.0735,912,2720,2718,0,0,2,ITA
Andy72P,4,4,0,0.1471,84,2720,2716,4,0,0,ITA
angelamineo14,3,3,0,0.1103,32,2720,2717,3,0,0,ITA
angelinabiz,1,1,0,0.0368,43,2720,2719,1,0,0,ITA
angelinascanu,1,1,0,0.0368,1456,2720,2719,1,0,0,ITA
angeloderosa1,2,1,1,0.0735,59,2720,2718,2,0,0,USA
anglergangler,1,1,0,0.0368,303,2720,2719,1,0,0,ITA
Animalisti_FVG,1,1,0,0.0368,8737,2720,2719,1,0,0,ITA
annabonfi,1,1,0,0.0368,551,2720,2719,1,0,0,ITA
AnnaCongelata6,3,0,3,0.1103,294,2720,2717,3,0,0,ITA
Annagmilan,2,2,0,0.0735,402,2720,2718,2,0,0,ITA
AnnaNigra,2,2,0,0.0735,1275,2720,2718,2,0,0,ITA
annaric95744795,1,1,0,0.0368,323,2720,2719,0,1,0,ITA
AntoDiMario,2,2,0,0.0735,2761,2720,2718,2,0,0,ITA
Antomar555,1,1,0,0.0368,84,2720,2719,1,0,0,ITA
AntonioAlizzi82,1,1,0,0.0368,619,2720,2719,1,0,0,ITA
AntSagliocca,1,0,1,0.0368,801,2720,2719,1,0,0,ITA
anucara,1,0,1,0.0368,2319,2720,2719,1,0,0,ESP
apamcyl,1,1,0,0.0368,2931,2720,2719,1,0,0,USA
APapanikolop,1,1,0,0.0368,461,2720,2719,1,0,0,ITA
ar_cavaliere,1,1,0,0.0368,245,2720,2719,0,0,1,ITA
aranciaverde,1,1,0,0.0368,1827,2720,2719,1,0,0,ITA
ArcangeloMonta1,1,0,1,0.0368,0,2720,2719,1,0,0,ITA
archiettoliber,1,0,1,0.0368,223,2720,2719,1,0,0,ITA
arcuanto,1,1,0,0.0368,14,2720,2719,1,0,0,ITA
arevmine,1,1,0,0.0368,3164,2720,2719,0,0,1,ITA
Arieliaghetto,2,2,0,0.0735,56,2720,2718,2,0,0,ITA
arlettisaverio,1,0,1,0.0368,7,2720,2719,0,1,0,ITA
Arnatak,1,1,0,0.0368,935,2720,2719,1,0,0,ITA
arpaumbria,1,1,0,0.0368,1443,2720,2719,1,0,0,ITA
Ascanio111,1,0,1,0.0368,1765,2720,2719,1,0,0,ITA
Asch_63,1,0,1,0.0368,42,2720,2719,0,0,1,ITA
AssocAReS,1,1,0,0.0368,2176,2720,2719,1,0,0,ITA
atlantide_Chris,1,1,0,0.0368,1329,2720,2719,1,0,0,USA
atrejurm12,14,14,0,0.5147,23,2720,2706,14,0,0,ITA
attilioc39,1,1,0,0.0368,1025,2720,2719,1,0,0,ESP
AUGC_VALENCIA,1,1,0,0.0368,1957,2720,2719,1,0,0,ITA
Augustaonline,1,0,1,0.0368,605,2720,2719,1,0,0,ITA
autoemotodepoca,1,1,0,0.0368,1796,2720,2719,1,0,0,FRA
autribunal,1,1,0,0.0368,529,2720,2719,1,0,0,ITA
avantinoi,1,1,0,0.0368,391,2720,2719,1,0,0,ITA
aviation_report,2,0,2,0.0735,1780,2720,2718,2,0,0,USA
Avramopoulos,1,1,0,0.0368,18381,2720,2719,1,0,0,ITA
AvvMdiBari,4,4,0,0.1471,405,2720,2716,4,0,0,ITA
badiagnano,8,8,0,0.2941,45,2720,2712,8,0,0,USA
bagaf87,1,1,0,0.0368,37,2720,2719,1,0,0,ITA
barbarab1974,2,1,1,0.0735,543,2720,2718,2,0,0,ITA
Barbieri156D,1,1,0,0.0368,1940,2720,2719,0,1,0,ITA
barlettam769,15,14,1,0.5515,30,2720,2705,15,0,0,ITA
baronegiuseppe,1,1,0,0.0368,2104,2720,2719,1,0,0,ITA
BartoliTommy,1,1,0,0.0368,19,2720,2719,1,0,0,ITA
Barzaglier,3,0,3,0.1103,1911,2720,2717,3,0,0,ITA
battaglia_persa,1,1,0,0.0368,403,2720,2719,1,0,0,ITA
battistabd,1,1,0,0.0368,236,2720,2719,0,1,0,USA
BBInsider3,1,1,0,0.0368,13,2720,2719,1,0,0,ITA
bdg_vi,1,1,0,0.0368,322,2720,2719,1,0,0,ITA
Bea___gallo,1,1,0,0.0368,600,2720,2719,1,0,0,ITA
Beailesoloio,1,1,0,0.0368,919,2720,2719,0,1,0,ITA
bealucarella,1,0,1,0.0368,864,2720,2719,0,1,0,USA
beamontini,1,1,0,0.0368,4151,2720,2719,1,0,0,ITA
becare_29,1,1,0,0.0368,1675,2720,2719,1,0,0,ITA
Behemoth80,1,0,1,0.0368,914,2720,2719,0,1,0,ITA
Bejonce77,1,1,0,0.0368,976,2720,2719,1,0,0,ITA
BelindaDi,1,1,0,0.0368,71,2720,2719,1,0,0,ITA
bellocch,1,0,1,0.0368,1431,2720,2719,1,0,0,ITA
Ben82589094,1,0,1,0.0368,0,2720,2719,1,0,0,ITA
BenedettaCasu,62,52,10,22.794,119,2720,2658,62,0,0,ITA
BeniaminoGiust1,1,0,1,0.0368,9,2720,2719,1,0,0,ITA
benny2216,1,1,0,0.0368,89,2720,2719,1,0,0,ITA
beria_giancarla,1,1,0,0.0368,119,2720,2719,1,0,0,ITA
berlinialberto,1,1,0,0.0368,1233,2720,2719,1,0,0,ESP
BerniToledo,1,1,0,0.0368,993,2720,2719,1,0,0,ITA
Bessico2,1,1,0,0.0368,175,2720,2719,0,1,0,ESP
betelgeuse2010,1,1,0,0.0368,53,2720,2719,1,0,0,ESP
bettinagalo,1,1,0,0.0368,3940,2720,2719,1,0,0,ITA
BettoGigliola,2,2,0,0.0735,60,2720,2718,2,0,0,GBR
Bettons93,1,0,1,0.0368,99,2720,2719,1,0,0,ITA
BGrisafi,1,1,0,0.0368,3757,2720,2719,1,0,0,ITA
bighelius,1,1,0,0.0368,372,2720,2719,1,0,0,ITA
Bio4Expo,1,1,0,0.0368,1249,2720,2719,1,0,0,ITA
bio4xp,1,1,0,0.0368,2005,2720,2719,1,0,0,ITA
BiogalFa,15,6,9,0.5515,627,2720,2705,15,0,0,ITA
biomillarte,1,1,0,0.0368,941,2720,2719,1,0,0,ITA
bioqualita_,1,1,0,0.0368,89,2720,2719,1,0,0,USA
blrdmancapps,1,1,0,0.0368,13,2720,2719,1,0,0,ITA
bolartur,1,1,0,0.0368,821,2720,2719,1,0,0,ITA
BPtobia,1,1,0,0.0368,573,2720,2719,0,1,0,ITA
BrindisiReport,2,0,2,0.0735,3272,2720,2718,2,0,0,ITA
brindisitime,2,0,2,0.0735,65,2720,2718,2,0,0,USA
BruceLeeHustl4,1,1,0,0.0368,27,2720,2719,1,0,0,ITA
Brunellaaaa_,1,1,0,0.0368,13,2720,2719,1,0,0,ITA
brunoforesi,1,1,0,0.0368,369,2720,2719,1,0,0,ITA
BuonoClaudio,1,0,1,0.0368,1475,2720,2719,1,0,0,ITA
byzio66,1,1,0,0.0368,832,2720,2719,1,0,0,ITA
c0dd6789363840e,1,0,1,0.0368,3,2720,2719,1,0,0,ITA
caffeineheadx,1,1,0,0.0368,1204,2720,2719,1,0,0,ITA
CaioneMarcello,1,1,0,0.0368,11,2720,2719,1,0,0,ITA
CaleEuropaEdic,2,2,0,0.0735,1460,2720,2718,2,0,0,ITA
caligola1974,1,1,0,0.0368,1340,2720,2719,0,1,0,ITA
camgiaci,1,1,0,0.0368,131,2720,2719,0,1,0,ITA
CampioniGianni,1,1,0,0.0368,17,2720,2719,1,0,0,ITA
canalesicilia,9,0,9,0.3309,233,2720,2711,9,0,0,ITA
carincilaura,1,1,0,0.0368,23,2720,2719,1,0,0,ITA
carla_pantano,1,0,1,0.0368,191,2720,2719,0,1,0,ITA
carlodaverona,1,0,1,0.0368,811,2720,2719,0,1,0,ITA
CarloVeber,1,0,1,0.0368,6,2720,2719,1,0,0,ITA
CarmelaVampo,53,53,0,19.485,57,2720,2667,53,0,0,ITA
Carmelo_M86,1,1,0,0.0368,275,2720,2719,1,0,0,ITA
caronenicola93,1,0,1,0.0368,40,2720,2719,1,0,0,ITA
Casear_Iulius,11,3,8,0.4044,350,2720,2709,11,0,0,ITA
CasilinaNews,1,0,1,0.0368,133,2720,2719,1,0,0,ITA
casolarof,2,2,0,0.0735,4,2720,2718,2,0,0,ITA
Cate0175,1,1,0,0.0368,1453,2720,2719,1,0,0,USA
cayley__C,1,1,0,0.0368,23,2720,2719,1,0,0,ITA
ccarchitetto,1,1,0,0.0368,184,2720,2719,1,0,0,ITA
CefarattiEnric1,1,1,0,0.0368,360,2720,2719,1,0,0,ITA
CelentanoLuisa,1,1,0,0.0368,25,2720,2719,1,0,0,ITA
Cesaremacc,1,1,0,0.0368,157,2720,2719,1,0,0,ITA
cfdp33,1,0,1,0.0368,206,2720,2719,0,1,0,ITA
Cfm_Arpacal,1,1,0,0.0368,376,2720,2719,0,1,0,ITA
Changement71,1,0,1,0.0368,373,2720,2719,1,0,0,ITA
Cheru65,1,0,1,0.0368,1236,2720,2719,1,0,0,ITA
ChiaraDefeo,1,1,0,0.0368,312,2720,2719,1,0,0,ITA
chiaraperte,1,1,0,0.0368,388,2720,2719,1,0,0,USA
chruggeri,1,1,0,0.0368,3479,2720,2719,1,0,0,ITA
CiPintus,1,1,0,0.0368,47,2720,2719,1,0,0,ITA
cisomgenova,3,3,0,0.1103,325,2720,2717,3,0,0,ITA
Cityrumors_it,4,0,4,0.1471,4195,2720,2716,4,0,0,ITA
Ciuina06,1,1,0,0.0368,73,2720,2719,1,0,0,ITA
CLamoglie,1,1,0,0.0368,15,2720,2719,1,0,0,FRA
claudiabilli,1,1,0,0.0368,66,2720,2719,1,0,0,ITA
ClaudiaC111,1,1,0,0.0368,786,2720,2719,1,0,0,USA
claudiomio,1,1,0,0.0368,22,2720,2719,1,0,0,ITA
Claudiowellphon,1,1,0,0.0368,201,2720,2719,0,1,0,ITA
ClemensMarella,1,1,0,0.0368,341,2720,2719,1,0,0,ITA
ClementeScafuro,1,0,1,0.0368,155,2720,2719,1,0,0,ITA
clide72,1,1,0,0.0368,23,2720,2719,1,0,0,ITA
CO_WhiteDwarf,1,1,0,0.0368,67,2720,2719,1,0,0,ITA
coccinellasf69,1,1,0,0.0368,64,2720,2719,1,0,0,ITA
Coccynella500,1,1,0,0.0368,1539,2720,2719,0,1,0,ITA
ColorsSounds,1,0,1,0.0368,435,2720,2719,1,0,0,ITA
ComitatoIdoneiN,1,1,0,0.0368,258,2720,2719,1,0,0,ITA
comunebassano,1,1,0,0.0368,619,2720,2719,1,0,0,ITA
ConnyTobermory,1,1,0,0.0368,578,2720,2719,1,0,0,ITA
ConsLomb,1,0,1,0.0368,7685,2720,2719,1,0,0,ITA
Consulenza_Agr,1,0,1,0.0368,2554,2720,2719,1,0,0,ITA
CordelGiorno,2,2,0,0.0735,456,2720,2718,2,0,0,USA
CormacJOKeeffe,1,1,0,0.0368,1865,2720,2719,1,0,0,USA
cormarch,1,1,0,0.0368,69,2720,2719,1,0,0,ITA
corpoforestale,2,0,2,0.0735,5007,2720,2718,2,0,0,ITA
corrierebergamo,1,0,1,0.0368,3247,2720,2719,1,0,0,ITA
corrierecaserta,2,0,2,0.0735,485,2720,2718,2,0,0,ITA
Cosi49Cosimo,1,1,0,0.0368,1010,2720,2719,0,1,0,ITA
cosimo87_d,4,4,0,0.1471,116,2720,2716,4,0,0,ITA
CreeEdge,1,1,0,0.0368,234,2720,2719,1,0,0,ITA
CretellaRoberta,1,1,0,0.0368,9746,2720,2719,0,1,0,ITA
CriMartinelli16,3,3,0,0.1103,40,2720,2717,3,0,0,ITA
Cristoferbaldet,2,0,2,0.0735,631,2720,2718,2,0,0,ITA
crociangelini,1,1,0,0.0368,1157,2720,2719,1,0,0,ITA
crpiemonte,1,0,1,0.0368,15615,2720,2719,1,0,0,ITA
CryPaolo,1,1,0,0.0368,290,2720,2719,0,1,0,ITA
cschannel_news,1,0,1,0.0368,144,2720,2719,1,0,0,ITA
csibologna,1,1,0,0.0368,462,2720,2719,1,0,0,ITA
CSRManagerNet,1,1,0,0.0368,687,2720,2719,1,0,0,ITA
CTAMELLINI,1,1,0,0.0368,38,2720,2719,1,0,0,USA
CTraumastudies,1,1,0,0.0368,139,2720,2719,1,0,0,ITA
CULT_TIME,1,0,1,0.0368,513,2720,2719,1,0,0,ITA
CupparoMary,1,1,0,0.0368,25,2720,2719,1,0,0,ITA
Cyber_Laser,1,1,0,0.0368,11,2720,2719,1,0,0,USA
CyberToolsBooks,1,1,0,0.0368,5598,2720,2719,1,0,0,ITA
Dades74C,1,0,1,0.0368,4,2720,2719,1,0,0,ESP
dakargilbert,2,2,0,0.0735,13,2720,2718,2,0,0,ITA
Damiano__89,1,1,0,0.0368,198,2720,2719,1,0,0,ITA
Daniela74Dl,1,1,0,0.0368,36,2720,2719,1,0,0,ITA
daniele17121972,1,1,0,0.0368,632,2720,2719,1,0,0,ITA
danieledvpd,1,1,0,0.0368,1290,2720,2719,0,1,0,ITA
dario_vito23,11,10,1,0.4044,200,2720,2709,11,0,0,USA
darioarpaio,1,1,0,0.0368,46,2720,2719,1,0,0,ITA
DarioNardella,1,0,1,0.0368,32880,2720,2719,0,1,0,FRA
DarioProietti1,1,1,0,0.0368,19,2720,2719,1,0,0,ITA
Davide_on_a_Mac,1,1,0,0.0368,111,2720,2719,1,0,0,ITA
davide_xbxb,44,43,1,16.176,35,2720,2676,44,0,0,ITA
DavideRonni,1,1,0,0.0368,3767,2720,2719,1,0,0,ITA
DBotondi,1,0,1,0.0368,42,2720,2719,1,0,0,ITA
DeboraSca,1,1,0,0.0368,41,2720,2719,1,0,0,ITA
DEliaMichele,1,1,0,0.0368,138,2720,2719,1,0,0,ITA
delicate_purple,1,0,1,0.0368,347,2720,2719,1,0,0,ITA
demeteritalia,1,1,0,0.0368,136,2720,2719,1,0,0,ITA
demian_yexil,1,1,0,0.0368,506,2720,2719,0,1,0,ITA
democratici,1,0,1,0.0368,371,2720,2719,1,0,0,ITA
Desynina3,1,1,0,0.0368,4796,2720,2719,1,0,0,ITA
Desyspillo,1,0,1,0.0368,61,2720,2719,1,0,0,RUS
dfander00331750,1,1,0,0.0368,0,2720,2719,1,0,0,USA
Dianichis35,1,1,0,0.0368,41,2720,2719,1,0,0,ITA
diarioditrieste,1,0,1,0.0368,397,2720,2719,1,0,0,ITA
DiavoloAcquasnt,1,0,1,0.0368,582,2720,2719,1,0,0,ITA
DIOGENECINICO,1,1,0,0.0368,37,2720,2719,1,0,0,USA
dippolitowilma,1,1,0,0.0368,93,2720,2719,1,0,0,ITA
direorvietonews,2,0,2,0.0735,29,2720,2718,2,0,0,ITA
dirittofrontier,3,0,3,0.1103,1873,2720,2717,3,0,0,ITA
DiRonzaGiacomo,1,1,0,0.0368,427,2720,2719,1,0,0,NLD
DjVitruvian,1,0,1,0.0368,332,2720,2719,1,0,0,ITA
dk768,1,1,0,0.0368,874,2720,2719,0,1,0,ITA
DLA_Piper_Italy,1,1,0,0.0368,1043,2720,2719,1,0,0,ITA
DnlCsz,1,1,0,0.0368,57,2720,2719,1,0,0,ITA
DossiCarla,1,1,0,0.0368,4082,2720,2719,1,0,0,USA
dotcom_tony,1,1,0,0.0368,51,2720,2719,1,0,0,ITA
dottocistico,1,1,0,0.0368,3,2720,2719,1,0,0,ITA
DottVignolo,1,1,0,0.0368,266,2720,2719,1,0,0,ITA
driano84,58,41,17,21.324,15,2720,2662,56,2,0,ITA
drusilla70,1,1,0,0.0368,206,2720,2719,1,0,0,ITA
dxmariella,1,0,1,0.0368,859,2720,2719,0,0,1,ITA
ecoallestimenti,1,1,0,0.0368,655,2720,2719,1,0,0,ITA
ecocloe,1,1,0,0.0368,504,2720,2719,1,0,0,ITA
Ecosofista,1,1,0,0.0368,1145,2720,2719,1,0,0,ITA
Ecozema_IT,1,1,0,0.0368,752,2720,2719,1,0,0,ITA
EdizioniOggi,1,0,1,0.0368,933,2720,2719,1,0,0,ITA
edoardofaiella,4,4,0,0.1471,201,2720,2716,4,0,0,ITA
EdoardOrsi,1,0,1,0.0368,21,2720,2719,1,0,0,ITA
EEnricoielasi,2,0,2,0.0735,648,2720,2718,2,0,0,ITA
EffeF61,2,1,1,0.0735,650,2720,2718,2,0,0,ITA
eleitaliana,1,1,0,0.0368,1479,2720,2719,1,0,0,ITA
Elena07617349,4,2,2,0.1471,10611,2720,2716,3,0,1,ITA
ElenDuk,1,1,0,0.0368,1314,2720,2719,1,0,0,ITA
ElioPD,1,1,0,0.0368,105,2720,2719,0,1,0,ITA
elisbro,1,0,1,0.0368,5,2720,2719,1,0,0,ITA
ellellevercillo,3,2,1,0.1103,503,2720,2717,3,0,0,FRA
EmmanuelTropee,1,1,0,0.0368,415,2720,2719,1,0,0,ITA
emmazanni,1,1,0,0.0368,314,2720,2719,0,1,0,ITA
EnrichettaNegri,1,1,0,0.0368,1964,2720,2719,0,1,0,USA
enzo_enzofelix,11,11,0,0.4044,29,2720,2709,11,0,0,ITA
EPolice15,1,0,1,0.0368,115,2720,2719,1,0,0,ITA
Erix_Genovese,1,0,1,0.0368,118,2720,2719,1,0,0,ITA
ernestobruno6,1,1,0,0.0368,55,2720,2719,1,0,0,ITA
eryka_bo,3,1,2,0.1103,2734,2720,2717,3,0,0,ITA
ESlucegas,1,1,0,0.0368,2199,2720,2719,1,0,0,ITA
estensecom,1,0,1,0.0368,6617,2720,2719,1,0,0,ITA
eur_83,1,1,0,0.0368,88,2720,2719,1,0,0,USA
Europol,2,0,2,0.0735,32088,2720,2718,2,0,0,ITA
extraterra62,1,1,0,0.0368,21,2720,2719,1,0,0,ITA
f_ottaviani,1,1,0,0.0368,23,2720,2719,1,0,0,ITA
fabio_calcioli,4,4,0,0.1471,162,2720,2716,4,0,0,ITA
fabio70AR,1,0,1,0.0368,3314,2720,2719,1,0,0,ITA
fabiofrancese3,1,0,1,0.0368,0,2720,2719,1,0,0,ITA
fabioseragusa,1,1,0,0.0368,92,2720,2719,1,0,0,ITA
fabiozpp,1,1,0,0.0368,171,2720,2719,1,0,0,ITA
FabrizioRira,1,1,0,0.0368,922,2720,2719,1,0,0,ITA
faellanta,1,1,0,0.0368,19,2720,2719,1,0,0,ITA
FaenzaWebTv,2,0,2,0.0735,1104,2720,2718,2,0,0,ITA
FalcionelliFede,8,8,0,0.2941,1192,2720,2712,8,0,0,ITA
Faraone2016,1,1,0,0.0368,1384,2720,2719,0,1,0,ITA
FarmaciaGreen,1,1,0,0.0368,203,2720,2719,1,0,0,ITA
FedeAngeli,1,1,0,0.0368,7475,2720,2719,0,0,1,ITA
FedeRacing88,1,1,0,0.0368,224,2720,2719,1,0,0,ITA
federalberghi,1,1,0,0.0368,6339,2720,2719,1,0,0,ITA
FederalberghiRM,1,1,0,0.0368,1582,2720,2719,1,0,0,ITA
FederalbergVCO,1,1,0,0.0368,448,2720,2719,1,0,0,ITA
FederBio,1,1,0,0.0368,5677,2720,2719,1,0,0,ITA
federicamassa3,1,1,0,0.0368,166,2720,2719,1,0,0,ITA
FedericoZurzolo,1,1,0,0.0368,814,2720,2719,1,0,0,ITA
Federmanager,1,1,0,0.0368,1794,2720,2719,1,0,0,ITA
fedquattrocchi,1,0,1,0.0368,2241,2720,2719,1,0,0,ITA
felicecilfone,1,0,1,0.0368,145,2720,2719,1,0,0,ITA
FeliciLory,7,7,0,0.2574,159,2720,2713,7,0,0,ITA
Ferdinando89,4,4,0,0.1471,344,2720,2716,4,0,0,ITA
FettucciaS,4,4,0,0.1471,3,2720,2716,4,0,0,ITA
fiabeschienrico,1,1,0,0.0368,57,2720,2719,1,0,0,ITA
fichera_d,1,1,0,0.0368,9,2720,2719,1,0,0,ITA
filippobassato,1,1,0,0.0368,81,2720,2719,1,0,0,ITA
Filippopompei,1,1,0,0.0368,998,2720,2719,1,0,0,ITA
filmassari1,1,1,0,0.0368,231,2720,2719,1,0,0,ITA
filotesa,1,1,0,0.0368,498,2720,2719,0,0,1,ITA
fio65,1,1,0,0.0368,71,2720,2719,1,0,0,ITA
FlaviaCorda,3,2,1,0.1103,2391,2720,2717,3,0,0,ITA
fmbreakfast,1,0,1,0.0368,553,2720,2719,1,0,0,ITA
Fmela24,1,0,1,0.0368,49,2720,2719,1,0,0,NLD
FNhuis,1,1,0,0.0368,76,2720,2719,1,0,0,ITA
fondieuropei20,1,1,0,0.0368,5083,2720,2719,1,0,0,ITA
FonteComune,1,1,0,0.0368,375,2720,2719,1,0,0,ITA
forte_l,1,1,0,0.0368,9,2720,2719,1,0,0,ITA
FraAndreozzi,2,2,0,0.0735,26,2720,2718,2,0,0,ITA
frafra61_rossi,1,1,0,0.0368,2173,2720,2719,0,1,0,ITA
frafree86,1,0,1,0.0368,125,2720,2719,1,0,0,ITA
frailmari,1,0,1,0.0368,2066,2720,2719,1,0,0,ITA
Franc__es,41,41,0,15.074,35,2720,2679,41,0,0,ITA
Frances29571990,1,0,1,0.0368,5,2720,2719,1,0,0,ITA
FRANCESC0PAGANO,3,3,0,0.1103,272,2720,2717,3,0,0,ITA
FrancescoNeva,1,1,0,0.0368,45,2720,2719,1,0,0,ITA
FrancoTrax,1,1,0,0.0368,3549,2720,2719,0,1,0,USA
francy1973tosi,1,1,0,0.0368,58,2720,2719,0,1,0,ITA
FrancyDicorato,2,2,0,0.0735,197,2720,2718,2,0,0,ITA
FrancyG9,1,1,0,0.0368,78,2720,2719,1,0,0,ITA
FranFerrante,1,1,0,0.0368,7862,2720,2719,1,0,0,ITA
FrankZanata,2,2,0,0.0735,168,2720,2718,2,0,0,USA
frax76_,1,1,0,0.0368,9,2720,2719,1,0,0,USA
Freedomanagemnt,8,3,5,0.2941,1065,2720,2712,3,1,4,ITA
frulrobyn,3,3,0,0.1103,871,2720,2717,3,0,0,ITA
gabbo10000,1,1,0,0.0368,64,2720,2719,1,0,0,ITA
GabriPrudente,1,1,0,0.0368,196,2720,2719,1,0,0,ITA
GalvaniM,1,0,1,0.0368,2254,2720,2719,1,0,0,ITA
gambettino,1,0,1,0.0368,823,2720,2719,1,0,0,ITA
GarauSilvana,1,1,0,0.0368,388,2720,2719,1,0,0,ITA
GargaDani,1,1,0,0.0368,35,2720,2719,1,0,0,ITA
GarnellSailing,1,1,0,0.0368,49,2720,2719,1,0,0,ITA
gattasorniona,1,0,1,0.0368,594,2720,2719,1,0,0,ITA
gazambelli,1,1,0,0.0368,255,2720,2719,1,0,0,ITA
GazzaNet_it,1,0,1,0.0368,773,2720,2719,1,0,0,ITA
GazzdelCalatino,1,0,1,0.0368,790,2720,2719,1,0,0,ITA
GazzettaMeridio,1,0,1,0.0368,1770,2720,2719,1,0,0,ITA
gbsxf4,1,1,0,0.0368,71,2720,2719,0,1,0,ITA
GDF,48,10,38,17.647,9237,2720,2672,48,0,0,ITA
Gennaro_DSM,52,44,8,19.118,201,2720,2668,52,0,0,ITA
gera_nicoletti,1,1,0,0.0368,8,2720,2719,1,0,0,ITA
GFPanetta,1,1,0,0.0368,6,2720,2719,1,0,0,ITA
gi11es,1,1,0,0.0368,606,2720,2719,1,0,0,USA
gia161170,1,0,1,0.0368,220,2720,2719,1,0,0,ITA
GiadaCanduzzi,2,2,0,0.0735,1651,2720,2718,2,0,0,ITA
GiadaSanctis,1,1,0,0.0368,74,2720,2719,1,0,0,ITA
giambarombi,1,1,0,0.0368,617,2720,2719,1,0,0,ITA
Giampie71871776,1,1,0,0.0368,0,2720,2719,1,0,0,ITA
GianassiFede,1,1,0,0.0368,677,2720,2719,0,1,0,USA
Gianluca_73,15,15,0,0.5515,185,2720,2705,15,0,0,USA
GianLucaArtizzu,1,0,1,0.0368,3491,2720,2719,1,0,0,ITA
gianlucaeroico,13,13,0,0.4779,35,2720,2707,13,0,0,ITA
giannimacheda,1,1,0,0.0368,1042,2720,2719,1,0,0,ITA
gianpaolobiban,26,0,26,0.9559,0,2720,2694,26,0,0,ITA
GiaSilvestrini,1,1,0,0.0368,4644,2720,2719,1,0,0,ITA
gicvd,1,1,0,0.0368,3453,2720,2719,1,0,0,ITA
Gigebi,1,0,1,0.0368,870,2720,2719,1,0,0,ITA
gigidaco,1,1,0,0.0368,24,2720,2719,1,0,0,ITA
gigliointi,1,1,0,0.0368,3378,2720,2719,1,0,0,ITA
giobettarini,1,1,0,0.0368,1980,2720,2719,0,1,0,ITA
GioelePaglia,1,1,0,0.0368,2650,2720,2719,1,0,0,USA
giordanomixxi,1,1,0,0.0368,11,2720,2719,1,0,0,ITA
GIORGIO141068,1,1,0,0.0368,1511,2720,2719,1,0,0,USA
GiorgioFaraon00,1,1,0,0.0368,58,2720,2719,1,0,0,ITA
giorgiopoggi81,1,1,0,0.0368,33,2720,2719,1,0,0,ITA
giornaleprociv,1,1,0,0.0368,9283,2720,2719,0,1,0,ITA
GioRomanoTgrRai,1,1,0,0.0368,418,2720,2719,1,0,0,ITA
giovannifusari,1,1,0,0.0368,47,2720,2719,1,0,0,ITA
giuliaturr,1,0,1,0.0368,202,2720,2719,1,0,0,ITA
GIUSEPP80600779,1,1,0,0.0368,993,2720,2719,0,1,0,ITA
giusepp90404326,1,0,1,0.0368,0,2720,2719,1,0,0,ITA
GiuseppeCanzane,1,1,0,0.0368,67,2720,2719,1,0,0,ITA
GiuseppeCrisaf1,1,0,1,0.0368,73,2720,2719,1,0,0,ITA
GiuseppeCru7,1,0,1,0.0368,2,2720,2719,0,1,0,ITA
GiuseppeCult,1,1,0,0.0368,76,2720,2719,1,0,0,ITA
GiuseppeMiro,3,3,0,0.1103,180,2720,2717,3,0,0,ITA
GiuseppeR37,3,3,0,0.1103,68,2720,2717,3,0,0,ITA
giuspaterniti,6,6,0,0.2206,4715,2720,2714,6,0,0,ITA
GnnFnt,3,2,1,0.1103,8,2720,2717,3,0,0,ITA
gooblin73_83196,2,1,1,0.0735,633,2720,2718,1,1,0,ITA
gortombina,1,1,0,0.0368,212,2720,2719,1,0,0,ITA
GovindaAghori,1,1,0,0.0368,416,2720,2719,1,0,0,ITA
gp_fiore,1,0,1,0.0368,67,2720,2719,1,0,0,ITA
gpellarin84,1,1,0,0.0368,216,2720,2719,0,0,1,ITA
GramignaStrega,3,3,0,0.1103,73,2720,2717,3,0,0,ITA
grantomm,1,0,1,0.0368,13,2720,2719,1,0,0,ITA
greeningmktIT,1,1,0,0.0368,186,2720,2719,1,0,0,ITA
grimaldeschi,1,1,0,0.0368,14,2720,2719,1,0,0,ITA
grinaldi8,1,0,1,0.0368,10,2720,2719,1,0,0,ITA
GrissBicocca,1,1,0,0.0368,1018,2720,2719,1,0,0,ITA
Gruppo8Marzo,1,1,0,0.0368,113,2720,2719,1,0,0,ITA
GruppoCdp,1,1,0,0.0368,1889,2720,2719,1,0,0,ITA
GSchembri,1,1,0,0.0368,272,2720,2719,1,0,0,USA
gsoricaro,1,1,0,0.0368,81,2720,2719,1,0,0,ITA
gtkd85,1,1,0,0.0368,140,2720,2719,0,1,0,ITA
Guerradtw,1,1,0,0.0368,127,2720,2719,1,0,0,USA
guzmanjazmlne,1,1,0,0.0368,20,2720,2719,1,0,0,DEU
Hades_0711,1,1,0,0.0368,19,2720,2719,1,0,0,DEU
HannesMerutti,1,1,0,0.0368,333,2720,2719,1,0,0,USA
HCoastGuard,2,2,0,0.0735,6994,2720,2718,2,0,0,USA
HelmysWlfey,1,1,0,0.0368,24,2720,2719,1,0,0,USA
HIGHprecision,1,0,1,0.0368,4055,2720,2719,1,0,0,USA
hotvideotweets,1,1,0,0.0368,3619,2720,2719,1,0,0,ITA
HR_italian,1,1,0,0.0368,63,2720,2719,1,0,0,ITA
HSimonetta,1,1,0,0.0368,2010,2720,2719,1,0,0,ITA
i_Charge,1,1,0,0.0368,254,2720,2719,1,0,0,ITA
IdoneiGdF2012,46,43,3,16.912,439,2720,2674,46,0,0,ITA
IEUREPORTER,3,0,3,0.1103,128,2720,2717,3,0,0,ITA
il_brigante07,1,1,0,0.0368,456,2720,2719,0,1,0,ITA
il_visitatore,1,0,1,0.0368,268,2720,2719,0,0,1,ITA
ilariasotis,1,1,0,0.0368,755,2720,2719,1,0,0,ITA
ilario1900,1,0,1,0.0368,764,2720,2719,1,0,0,ITA
ILBUONPASTORE,1,0,1,0.0368,186,2720,2719,1,0,0,ITA
ildicece,1,1,0,0.0368,43,2720,2719,1,0,0,ITA
Ilenia1970,1,1,0,0.0368,3128,2720,2719,1,0,0,ITA
ilgattonaccio,3,3,0,0.1103,91,2720,2717,3,0,0,ITA
ilGazzettinoves,1,0,1,0.0368,1098,2720,2719,1,0,0,ITA
ilgiornaledicas,2,0,2,0.0735,129,2720,2718,2,0,0,ITA
IlMattinoFoggia,2,2,0,0.0735,5074,2720,2718,2,0,0,ITA
ilmessaggeroit,2,1,1,0.0735,285120,2720,2718,2,0,0,ITA
ilmetropolitan,2,1,1,0.0735,3804,2720,2718,2,0,0,ITA
IlMondoDiAllie,1,1,0,0.0368,46,2720,2719,1,0,0,ITA
ilnesi,2,2,0,0.0735,1148,2720,2718,2,0,0,ITA
ilpaesenuovo,2,0,2,0.0735,2551,2720,2718,2,0,0,ITA
ilSiberiano_,1,1,0,0.0368,904,2720,2719,1,0,0,ITA
ilvaglio1,1,0,1,0.0368,368,2720,2719,1,0,0,ITA
ilzaga,2,0,2,0.0735,147,2720,2718,0,0,2,ITA
iMagazineTwit,3,0,3,0.1103,840,2720,2717,3,0,0,ITA
IMorassi,1,1,0,0.0368,225,2720,2719,1,0,0,ITA
IMPERIATV,5,0,5,0.1838,791,2720,2715,5,0,0,ITA
infinitorenato,1,1,0,0.0368,1046,2720,2719,1,0,0,ITA
infoa360,9,0,9,0.3309,26,2720,2711,9,0,0,ITA
InfoGiordy,1,1,0,0.0368,96,2720,2719,1,0,0,USA
InterpolHELPus,1,1,0,0.0368,0,2720,2719,1,0,0,ITA
Ipsoa,8,5,3,0.2941,7938,2720,2712,8,0,0,ITA
IPZS,1,1,0,0.0368,756,2720,2719,1,0,0,ITA
irenellas,1,0,1,0.0368,321,2720,2719,1,0,0,USA
IsabeiaaFeh,1,1,0,0.0368,30,2720,2719,1,0,0,ITA
isabelladichio,5,3,2,0.1838,2129,2720,2715,5,0,0,ITA
italiaxitalia,1,0,1,0.0368,37,2720,2719,1,0,0,USA
ItalyatOECD_ESA,1,1,0,0.0368,394,2720,2719,1,0,0,ITA
ItalyinSerbia,1,1,0,0.0368,361,2720,2719,1,0,0,ITA
ITANIMULLI7,1,0,1,0.0368,95,2720,2719,1,0,0,ITA
ITnewsPZ,1,1,0,0.0368,330,2720,2719,1,0,0,ITA
IvanoCongiu,2,1,1,0.0735,74,2720,2718,2,0,0,ITA
jacop_etti,1,0,1,0.0368,301,2720,2719,1,0,0,ITA
jacopogiliberto,1,1,0,0.0368,4601,2720,2719,1,0,0,GBR
janopgenoorth,1,1,0,0.0368,243,2720,2719,1,0,0,NLD
JohannesDreijer,1,1,0,0.0368,2485,2720,2719,1,0,0,DNK
john1966olsen,1,1,0,0.0368,1625,2720,2719,1,0,0,USA
jromeromorgaz,2,2,0,0.0735,70,2720,2718,2,0,0,ESP
juanan_carande,1,1,0,0.0368,285,2720,2719,1,0,0,ITA
Jusfincom,1,1,0,0.0368,275,2720,2719,1,0,0,ITA
Juventology,1,0,1,0.0368,4556,2720,2719,1,0,0,ITA
Katowice71,28,28,0,10.294,41,2720,2692,28,0,0,ITA
kiriosomega,1,0,1,0.0368,3264,2720,2719,0,1,0,ITA
kit960,1,1,0,0.0368,1331,2720,2719,0,1,0,ITA
kukumalu76,1,1,0,0.0368,106,2720,2719,1,0,0,USA
KylaDawnFarls,1,1,0,0.0368,24,2720,2719,1,0,0,ITA
kyosuke009,1,1,0,0.0368,451,2720,2719,0,1,0,ITA
L_Antifascista,1,1,0,0.0368,2092,2720,2719,1,0,0,ITA
L_Torri,1,1,0,0.0368,85,2720,2719,1,0,0,USA
LaGazzetta_EN,1,1,0,0.0368,1916,2720,2719,1,0,0,ITA
LaGazzettaWeb,1,0,1,0.0368,22317,2720,2719,1,0,0,ITA
laltraguanciama,1,1,0,0.0368,3682,2720,2719,0,1,0,ITA
lamentedmente,1,0,1,0.0368,110,2720,2719,1,0,0,ITA
lamescolanza,3,0,3,0.1103,553,2720,2717,3,0,0,ITA
lamiadobermann,1,1,0,0.0368,285,2720,2719,1,0,0,ITA
LAntieroe,1,1,0,0.0368,1114,2720,2719,1,0,0,ITA
lanzigiuseppe,1,0,1,0.0368,5614,2720,2719,1,0,0,ITA
lapiazzaweb,1,0,1,0.0368,140,2720,2719,1,0,0,ITA
LaRadioNeParla,2,0,2,0.0735,1849,2720,2718,2,0,0,ITA
LaSetaro,1,1,0,0.0368,496,2720,2719,1,0,0,ITA
lastep440,1,1,0,0.0368,474,2720,2719,1,0,0,ITA
lauraboldrini,2,1,1,0.0735,531891,2720,2718,2,0,0,ITA
LauraGio_75,1,1,0,0.0368,573,2720,2719,0,1,0,ITA
LauraViscusi,1,1,0,0.0368,84,2720,2719,1,0,0,USA
laurenRUTHlnger,1,1,0,0.0368,55,2720,2719,1,0,0,ITA
LaurusRobuffo,1,0,1,0.0368,175,2720,2719,0,1,0,ITA
LaVoceRC,5,5,0,0.1838,618,2720,2715,5,0,0,ITA
Laziotgroma,2,0,2,0.0735,221,2720,2718,2,0,0,ITA
lazzarin_andrea,12,12,0,0.4412,296,2720,2708,12,0,0,USA
LClovisse,1,0,1,0.0368,10,2720,2719,1,0,0,ITA
leccenews24,4,0,4,0.1471,8740,2720,2716,4,0,0,ITA
LelloForlini,1,1,0,0.0368,1090,2720,2719,1,0,0,ITA
lentinivince,1,1,0,0.0368,493,2720,2719,0,1,0,ITA
LeoGuerini,1,1,0,0.0368,176,2720,2719,0,1,0,ITA
leonenemeo,1,1,0,0.0368,116,2720,2719,1,0,0,ITA
leprif,1,1,0,0.0368,47,2720,2719,1,0,0,ITA
letz73,1,0,1,0.0368,14,2720,2719,1,0,0,ITA
LiaStaropoli,2,0,2,0.0735,843,2720,2718,2,0,0,ITA
liliana14229842,1,1,0,0.0368,342,2720,2719,1,0,0,ITA
LindaRandisi,75,74,1,27.574,124,2720,2645,75,0,0,ITA
LinoMantero,4,4,0,0.1471,140,2720,2716,4,0,0,ITA
livecoop,1,1,0,0.0368,191,2720,2719,1,0,0,ITA
lixmax72,1,1,0,0.0368,396,2720,2719,1,0,0,ITA
Ljuba2000,1,1,0,0.0368,56,2720,2719,1,0,0,ITA
lm6sei,1,0,1,0.0368,154,2720,2719,1,0,0,ITA
LNeliana,1,1,0,0.0368,5,2720,2719,1,0,0,ITA
logos_kosmos,2,2,0,0.0735,69,2720,2718,2,0,0,ITA
LongoOlgaMaria,1,0,1,0.0368,14,2720,2719,1,0,0,ITA
lorenzo13805,3,2,1,0.1103,2,2720,2717,3,0,0,ITA
lorenzosalvia,1,1,0,0.0368,1588,2720,2719,1,0,0,FRA
Loupo85,2,2,0,0.0735,3822,2720,2718,2,0,0,ITA
luca_podio,1,0,1,0.0368,2428,2720,2719,1,0,0,ITA
LucaColucci1,1,1,0,0.0368,1053,2720,2719,1,0,0,ITA
LuciaCavaliere1,1,1,0,0.0368,483,2720,2719,1,0,0,ITA
LuciaFino,1,1,0,0.0368,264,2720,2719,1,0,0,ITA
LucianoLavecchi,1,0,1,0.0368,931,2720,2719,1,0,0,ITA
lucianolivieri_,1,1,0,0.0368,1726,2720,2719,1,0,0,ITA
luciarizzo64,1,1,0,0.0368,1100,2720,2719,1,0,0,ITA
lucillalucio7,1,1,0,0.0368,1447,2720,2719,0,1,0,ITA
lufabio_fs,41,40,1,15.074,107,2720,2679,41,0,0,ITA
luidamato,1,1,0,0.0368,323,2720,2719,0,1,0,ITA
luigi_viscusi,1,0,1,0.0368,197,2720,2719,1,0,0,ITA
Luigi1957Luigi,9,9,0,0.3309,10,2720,2711,9,0,0,ITA
LuigiTaurino,3,2,1,0.1103,138,2720,2717,3,0,0,ITA
luisaloffredo28,1,1,0,0.0368,6987,2720,2719,0,1,0,ITA
lumacapop,1,1,0,0.0368,291,2720,2719,1,0,0,USA
MadagioPepe,1,1,0,0.0368,7642,2720,2719,0,1,0,ITA
maelmale,1,0,1,0.0368,2015,2720,2719,1,0,0,ITA
Mafara72,3,3,0,0.1103,137,2720,2717,3,0,0,ITA
mallardidomeni1,5,5,0,0.1838,17,2720,2715,5,0,0,ITA
MammaNunmat64,1,1,0,0.0368,690,2720,2719,1,0,0,ITA
ManuPalo67,1,0,1,0.0368,1361,2720,2719,1,0,0,ITA
MaraTahnee,1,1,0,0.0368,152,2720,2719,1,0,0,ITA
marburdrava,1,1,0,0.0368,3114,2720,2719,1,0,0,ITA
MARCANTESAVERIO,5,5,0,0.1838,421,2720,2715,5,0,0,ITA
Marcello_Gatto,1,0,1,0.0368,675,2720,2719,1,0,0,ITA
marco_gmlavolpe,1,1,0,0.0368,738,2720,2719,1,0,0,ITA
marcof53,1,0,1,0.0368,309,2720,2719,1,0,0,ITA
marcomont90,32,27,5,11.765,122,2720,2688,31,1,0,ITA
marconipop,1,1,0,0.0368,1060,2720,2719,1,0,0,ITA
MarcoPizzi14,1,1,0,0.0368,2012,2720,2719,1,0,0,ITA
marcoserventi,1,1,0,0.0368,106,2720,2719,1,0,0,ITA
marcotrulla,1,1,0,0.0368,524,2720,2719,1,0,0,ITA
MariaCarmosino,1,1,0,0.0368,248,2720,2719,0,1,0,PRT
marialves53,1,1,0,0.0368,1111,2720,2719,1,0,0,ITA
MariateresaSi,3,0,3,0.1103,119,2720,2717,3,0,0,ITA
MariellaAnziano,1,1,0,0.0368,1729,2720,2719,1,0,0,ITA
MariellaMaffini,1,1,0,0.0368,371,2720,2719,1,0,0,ITA
marinifab,1,1,0,0.0368,899,2720,2719,1,0,0,ITA
marino29b,1,1,0,0.0368,1574,2720,2719,1,0,0,FRA
marinvolant,1,1,0,0.0368,196,2720,2719,1,0,0,ITA
mario_catania,2,1,1,0.0735,1007,2720,2718,2,0,0,ITA
mario_schembri,1,1,0,0.0368,37,2720,2719,1,0,0,ITA
mariovisco66,1,0,1,0.0368,362,2720,2719,1,0,0,ITA
Mariucc17684432,1,1,0,0.0368,27,2720,2719,0,1,0,ITA
mark_nm,1,0,1,0.0368,42,2720,2719,1,0,0,ITA
markor988,43,43,0,15.809,423,2720,2677,43,0,0,ITA
MarosticaR,1,0,1,0.0368,573,2720,2719,1,0,0,USA
MarraiFrancesco,3,1,2,0.1103,181,2720,2717,3,0,0,ITA
martinesdavid75,1,1,0,0.0368,347,2720,2719,0,1,0,ITA
massimo_carta,1,0,1,0.0368,163,2720,2719,1,0,0,ITA
massimobitonci,1,1,0,0.0368,7409,2720,2719,1,0,0,ITA
massimocm1,1,1,0,0.0368,14,2720,2719,1,0,0,ITA
massimoisetti,2,0,2,0.0735,180,2720,2718,2,0,0,ITA
MassimoQuarta4,1,1,0,0.0368,80,2720,2719,1,0,0,ITA
MasterLex_,1,0,1,0.0368,97,2720,2719,1,0,0,ITA
MaterBi_it,1,1,0,0.0368,181,2720,2719,1,0,0,ITA
matiolo1,1,1,0,0.0368,221,2720,2719,1,0,0,ITA
matteo_anesi,1,1,0,0.0368,1410,2720,2719,1,0,0,ITA
matteocannito,1,1,0,0.0368,1069,2720,2719,1,0,0,ITA
Mauro_Mana,1,1,0,0.0368,75,2720,2719,1,0,0,ITA
mauro17673,25,25,0,0.9191,706,2720,2695,25,0,0,ITA
Mauro5514,1,1,0,0.0368,564,2720,2719,0,1,0,USA
MauroBarin,1,1,0,0.0368,9713,2720,2719,0,1,0,ITA
MauroBat32,1,1,0,0.0368,32,2720,2719,1,0,0,ITA
maurocarafa31,2,1,1,0.0735,450,2720,2718,2,0,0,ITA
Maurone,1,0,1,0.0368,259,2720,2719,1,0,0,ITA
Maury1958,3,3,0,0.1103,258,2720,2717,3,0,0,ITA
maurysanche,1,1,0,0.0368,2214,2720,2719,1,0,0,ITA
Maxbar65Massimo,1,1,0,0.0368,1474,2720,2719,1,0,0,ITA
MaxBlackCats,2,2,0,0.0735,11,2720,2718,2,0,0,ITA
mdanz72,1,0,1,0.0368,461,2720,2719,1,0,0,ITA
mdbroma,4,4,0,0.1471,652,2720,2716,4,0,0,ITA
Mediaweblife,1,1,0,0.0368,119,2720,2719,1,0,0,ITA
MEF_GOV,3,3,0,0.1103,18567,2720,2717,3,0,0,ITA
Melania52111463,1,1,0,0.0368,74,2720,2719,1,0,0,ITA
mele_nando,1,1,0,0.0368,1345,2720,2719,1,0,0,ITA
Melogranocs,1,1,0,0.0368,320,2720,2719,1,0,0,ITA
meminusyou_,1,1,0,0.0368,438,2720,2719,1,0,0,ITA
menelaolemanine,1,0,1,0.0368,788,2720,2719,0,0,1,USA
merryjwsuv118,1,1,0,0.0368,27,2720,2719,1,0,0,ITA
MessoreSonia,1,1,0,0.0368,1676,2720,2719,1,0,0,ITA
Meta_Magazine,3,0,3,0.1103,1836,2720,2717,3,0,0,ITA
metaanto,1,1,0,0.0368,5266,2720,2719,1,0,0,ITA
mgmalacrida,1,1,0,0.0368,1645,2720,2719,1,0,0,ITA
MGraziaFasc,2,2,0,0.0735,620,2720,2718,2,0,0,ITA
Mi_consento,1,0,1,0.0368,172,2720,2719,0,0,1,ITA
micaleafacchini,1,1,0,0.0368,617,2720,2719,1,0,0,ITA
michelecruscev,1,1,0,0.0368,266,2720,2719,1,0,0,ITA
michelesem90,21,21,0,0.7721,113,2720,2699,21,0,0,ITA
mikivimo,1,1,0,0.0368,429,2720,2719,1,0,0,ITA
miky_ro,2,2,0,0.0735,3710,2720,2718,1,1,0,ITA
mikyxy87,2,1,1,0.0735,90,2720,2718,2,0,0,ITA
mimich58,1,1,0,0.0368,1698,2720,2719,1,0,0,ITA
mimmocoach,3,3,0,0.1103,215,2720,2717,3,0,0,ITA
mirenzo61,1,1,0,0.0368,452,2720,2719,1,0,0,ITA
MirianoOttavia1,1,0,1,0.0368,59,2720,2719,1,0,0,ITA
miridesant,1,1,0,0.0368,70,2720,2719,1,0,0,ITA
mlgelm,1,1,0,0.0368,620,2720,2719,1,0,0,ITA
mmarchetti69,1,1,0,0.0368,195,2720,2719,1,0,0,ITA
mondo_migliore,1,0,1,0.0368,1432,2720,2719,1,0,0,ITA
Monica_torino,2,1,1,0.0735,1282,2720,2718,0,2,0,ITA
montecarlo50630,1,0,1,0.0368,10,2720,2719,1,0,0,ITA
Montecitorio,6,0,6,0.2206,135141,2720,2714,6,0,0,ITA
MorensAndrea,1,0,1,0.0368,143,2720,2719,1,0,0,USA
Morgaine1967,1,1,0,0.0368,146,2720,2719,1,0,0,ITA
MPrinzis,1,0,1,0.0368,27,2720,2719,1,0,0,ITA
MrEfis79,1,1,0,0.0368,2966,2720,2719,1,0,0,ITA
MrRossini,1,1,0,0.0368,79,2720,2719,1,0,0,USA
MsKateCakes206,1,1,0,0.0368,16,2720,2719,1,0,0,USA
museumstrategy,1,0,1,0.0368,772,2720,2719,1,0,0,ITA
mwa1791,1,1,0,0.0368,374,2720,2719,1,0,0,ITA
Naizarg,1,1,0,0.0368,111,2720,2719,1,0,0,USA
napolaris_,1,1,0,0.0368,1001,2720,2719,0,1,0,ITA
napolitano1961,1,1,0,0.0368,10,2720,2719,1,0,0,ITA
naspetti,1,1,0,0.0368,249,2720,2719,1,0,0,ITA
NativiItaliani,1,0,1,0.0368,309,2720,2719,1,0,0,USA
nevercameback,1,1,0,0.0368,1742,2720,2719,1,0,0,ITA
News24_it,11,11,0,0.4044,3842,2720,2709,11,0,0,ITA
newsrimini,1,0,1,0.0368,3451,2720,2719,1,0,0,ITA
NewsRSN,1,0,1,0.0368,208,2720,2719,1,0,0,USA
ngRawr446,1,1,0,0.0368,34,2720,2719,1,0,0,ITA
nico261991,79,79,0,29.044,82,2720,2641,79,0,0,ITA
nicola_picardi,1,1,0,0.0368,207,2720,2719,1,0,0,ITA
Nimapel75,1,1,0,0.0368,88,2720,2719,1,0,0,ITA
Ninaforthedogs,1,1,0,0.0368,379,2720,2719,1,0,0,ITA
Nlorisis,1,0,1,0.0368,86,2720,2719,1,0,0,ITA
nocciolone,1,1,0,0.0368,295,2720,2719,0,0,1,ITA
NoicheAmiamoFO,9,0,9,0.3309,137,2720,2711,6,3,0,ITA
norma_bruni,1,0,1,0.0368,0,2720,2719,1,0,0,ITA
noscros,75,40,35,27.574,92,2720,2645,73,2,0,ITA
NOVLTeNOGRATTIN,13,0,13,0.4779,106,2720,2707,13,0,0,ITA
nuhares,1,1,0,0.0368,210,2720,2719,1,0,0,USA
NunezLafuen,1,1,0,0.0368,236,2720,2719,1,0,0,ITA
occhioacosadici,1,0,1,0.0368,4,2720,2719,1,0,0,ITA
ofcs_report,4,0,4,0.1471,287,2720,2716,4,0,0,ITA
OllaPiero,1,1,0,0.0368,1543,2720,2719,1,0,0,ITA
OnorioFerraro,1,0,1,0.0368,403,2720,2719,0,1,0,ITA
OnTheRoad83,1,0,1,0.0368,95,2720,2719,1,0,0,USA
OrbisTertius3,1,1,0,0.0368,166091,2720,2719,1,0,0,ITA
orestenovazzi,1,1,0,0.0368,281,2720,2719,1,0,0,ITA
orvietonews,2,0,2,0.0735,1707,2720,2718,2,0,0,ITA
OrvietoTv,2,0,2,0.0735,57,2720,2718,2,0,0,ITA
ossolanews,1,0,1,0.0368,1110,2720,2719,1,0,0,ITA
OttavioPirelli,2,2,0,0.0735,649,2720,2718,2,0,0,USA
OttLegalRebels,1,1,0,0.0368,31051,2720,2719,1,0,0,ITA
padfrance,1,1,0,0.0368,287,2720,2719,0,1,0,ITA
Pagliarafabio,1,0,1,0.0368,1976,2720,2719,1,0,0,USA
pak_62,20,20,0,0.7353,88,2720,2700,20,0,0,ITA
PallanchR,1,1,0,0.0368,302,2720,2719,1,0,0,ITA
Palmyro70,2,1,1,0.0735,148,2720,2718,1,1,0,ITA
PaolaCanonico1,1,1,0,0.0368,1133,2720,2719,1,0,0,ITA
paolafern75,1,1,0,0.0368,1096,2720,2719,1,0,0,ITA
paolinopapaerin,3,0,3,0.1103,318,2720,2717,3,0,0,ITA
Paolo44716751,1,1,0,0.0368,12,2720,2719,1,0,0,ITA
paolodon26,34,32,2,12.500,87,2720,2686,34,0,0,ITA
paoloigna1,1,1,0,0.0368,55737,2720,2719,1,0,0,ITA
paolopuglisi50,2,1,1,0.0735,19,2720,2718,2,0,0,ITA
paridemotta72,2,1,1,0.0735,22,2720,2718,2,0,0,ITA
parlattando,1,1,0,0.0368,210,2720,2719,1,0,0,ITA
PARTIDAQUI,1,1,0,0.0368,126,2720,2719,0,1,0,ITA
partnerdigitale,1,0,1,0.0368,669,2720,2719,1,0,0,ITA
patawill359,5,0,5,0.1838,13,2720,2715,5,0,0,ITA
patrikkka,1,1,0,0.0368,189,2720,2719,1,0,0,ITA
Patrizia1965Di,1,1,0,0.0368,457,2720,2719,1,0,0,ITA
PatriziaRametta,1,1,0,0.0368,20845,2720,2719,0,1,0,ITA
PClemente68,1,1,0,0.0368,146,2720,2719,1,0,0,ESP
pedro_becares_,1,1,0,0.0368,454,2720,2719,1,0,0,ITA
pendolare67,1,1,0,0.0368,50,2720,2719,1,0,0,USA
PendolariRMNord,3,3,0,0.1103,2949,2720,2717,3,0,0,ITA
PeppeGiuliano,16,15,1,0.5882,100,2720,2704,16,0,0,ITA
peppexpo,1,1,0,0.0368,3173,2720,2719,1,0,0,ITA
percivalgull,1,1,0,0.0368,3337,2720,2719,0,1,0,ITA
Peschiera_r,1,1,0,0.0368,212,2720,2719,1,0,0,ITA
phlcgn,2,0,2,0.0735,149,2720,2718,1,0,1,ITA
PicchixFirenze,1,1,0,0.0368,325,2720,2719,0,1,0,ITA
PicenoTime,1,0,1,0.0368,1952,2720,2719,1,0,0,ITA
PierFra100,2,2,0,0.0735,19,2720,2718,2,0,0,ITA
pierluigi56,1,1,0,0.0368,83,2720,2719,1,0,0,ITA
PierMaran,1,1,0,0.0368,8193,2720,2719,1,0,0,ITA
piero062,10,9,1,0.3676,111,2720,2710,10,0,0,ITA
piero7912,1,1,0,0.0368,104,2720,2719,1,0,0,FRA
pierrebxl,1,1,0,0.0368,429,2720,2719,1,0,0,ITA
Pippo_1,1,0,1,0.0368,314,2720,2719,0,1,0,USA
pippodedo62,2,2,0,0.0735,4,2720,2718,2,0,0,ITA
pistarino,1,1,0,0.0368,40,2720,2719,1,0,0,ITA
PlasticaVerde,1,1,0,0.0368,605,2720,2719,1,0,0,USA
PoliceNewsTas,1,1,0,0.0368,4192,2720,2719,1,0,0,ITA
poliziadistato,1,0,1,0.0368,28070,2720,2719,1,0,0,ITA
polycartspa,2,2,0,0.0735,405,2720,2718,2,0,0,USA
pombo1976,1,1,0,0.0368,152,2720,2719,1,0,0,ITA
ponti66,1,1,0,0.0368,185,2720,2719,1,0,0,ITA
portentoorlando,1,0,1,0.0368,11958,2720,2719,1,0,0,USA
pos_kay,1,1,0,0.0368,97,2720,2719,1,0,0,ITA
PPirastu,2,2,0,0.0735,494,2720,2718,2,0,0,ITA
prof1976,1,1,0,0.0368,524,2720,2719,1,0,0,ITA
proudman811,1,1,0,0.0368,99,2720,2719,0,1,0,ITA
PSparlando,1,1,0,0.0368,18,2720,2719,1,0,0,ITA
quoquetu,1,1,0,0.0368,455,2720,2719,1,0,0,ITA
r_aniello,2,2,0,0.0735,198,2720,2718,2,0,0,ITA
Radio1Rai,2,0,2,0.0735,32008,2720,2718,2,0,0,ITA
radioadina,1,1,0,0.0368,47,2720,2719,1,0,0,ITA
RadioStudio_93,5,0,5,0.1838,493,2720,2715,5,0,0,ITA
raffaele0077,2,0,2,0.0735,0,2720,2718,2,0,0,ITA
Raffipaffy,1,1,0,0.0368,189,2720,2719,0,0,1,ITA
rafgri70,1,1,0,0.0368,208,2720,2719,1,0,0,ITA
RaiNews,1,1,0,0.0368,853036,2720,2719,1,0,0,ITA
Ran78,2,2,0,0.0735,1290,2720,2718,2,0,0,ITA
RassegnaVela,1,0,1,0.0368,215,2720,2719,1,0,0,ITA
RavennaDintorni,1,0,1,0.0368,3857,2720,2719,1,0,0,ITA
RavennaWebTV,5,0,5,0.1838,2248,2720,2715,5,0,0,ITA
rbisirri,1,1,0,0.0368,48,2720,2719,1,0,0,ITA
rbrencio,1,1,0,0.0368,29,2720,2719,1,0,0,ITA
rCangiante,1,1,0,0.0368,14,2720,2719,1,0,0,ITA
Rebelli0n2k,1,1,0,0.0368,590,2720,2719,0,1,0,ITA
redspecial911,5,4,1,0.1838,195,2720,2715,5,0,0,ITA
RemyHerren,1,1,0,0.0368,523,2720,2719,1,0,0,ITA
renzoferrari61,1,1,0,0.0368,613,2720,2719,0,1,0,ITA
rep_bari,1,0,1,0.0368,41617,2720,2719,1,0,0,ITA
ReteComuniSIN,1,1,0,0.0368,908,2720,2719,1,0,0,ITA
retesoletv,2,0,2,0.0735,493,2720,2718,2,0,0,ITA
retewebitalia,1,1,0,0.0368,31,2720,2719,1,0,0,ITA
ReTwitStorm_ita,1,1,0,0.0368,1034,2720,2719,1,0,0,ITA
revivalsbae,1,1,0,0.0368,3299,2720,2719,0,0,1,ITA
riccardiandrea1,1,1,0,0.0368,32,2720,2719,1,0,0,ITA
riccardofiorito,2,1,1,0.0735,445,2720,2718,2,0,0,USA
rickyreys,1,1,0,0.0368,405,2720,2719,1,0,0,ITA
ripofnail,3,3,0,0.1103,76,2720,2717,3,0,0,ITA
robegalli,1,1,0,0.0368,511,2720,2719,0,1,0,ITA
roberiez,1,1,0,0.0368,458,2720,2719,1,0,0,USA
robertoabate77,1,1,0,0.0368,4,2720,2719,1,0,0,ITA
robertoanino,1,1,0,0.0368,1147,2720,2719,1,0,0,ITA
robertocosta_ge,1,1,0,0.0368,1985,2720,2719,1,0,0,ITA
RobertoDiRenzo1,1,1,0,0.0368,75,2720,2719,1,0,0,ITA
RobertoMinerdo,1,0,1,0.0368,1454,2720,2719,1,0,0,ITA
robin_mura,1,1,0,0.0368,140,2720,2719,1,0,0,ITA
RobRe62,27,20,7,0.9926,14266,2720,2693,27,0,0,ESP
rodrgtr,1,1,0,0.0368,2337,2720,2719,1,0,0,ITA
rofuba,1,0,1,0.0368,62,2720,2719,1,0,0,ITA
Rolfi39,1,1,0,0.0368,65,2720,2719,1,0,0,ITA
Roma22Sa,1,0,1,0.0368,40,2720,2719,0,0,1,ITA
Roma3Radio,1,0,1,0.0368,621,2720,2719,1,0,0,ITA
romanofromitaly,1,1,0,0.0368,386,2720,2719,0,1,0,ITA
RosannaMarani,1,1,0,0.0368,5260,2720,2719,1,0,0,ITA
rosannaprocacci,1,1,0,0.0368,11,2720,2719,1,0,0,ITA
RosariaGismon,1,1,0,0.0368,1,2720,2719,1,0,0,ITA
RosiDelullo17,3,2,1,0.1103,92,2720,2717,3,0,0,USA
RossanaSanavio,1,0,1,0.0368,19,2720,2719,1,0,0,ITA
RossiniPoli,1,1,0,0.0368,25,2720,2719,1,0,0,ITA
RoxyMenty,1,1,0,0.0368,553,2720,2719,1,0,0,USA
RuggiTita,1,0,1,0.0368,236,2720,2719,1,0,0,ITA
ruiciccio,2,2,0,0.0735,614,2720,2718,0,1,1,ITA
russo_alfio,2,2,0,0.0735,68,2720,2718,2,0,0,ITA
Sabbetta,1,1,0,0.0368,1107,2720,2719,1,0,0,ITA
Sabrina00297634,1,1,0,0.0368,892,2720,2719,1,0,0,ITA
sabrinagrelli,1,1,0,0.0368,79,2720,2719,1,0,0,ITA
sacchetico,1,1,0,0.0368,1518,2720,2719,1,0,0,ITA
salidaparallela,1,1,0,0.0368,23,2720,2719,0,1,0,ITA
Salvato31515510,2,2,0,0.0735,31,2720,2718,2,0,0,ITA
SalvoMandara,1,0,1,0.0368,10970,2720,2719,1,0,0,ITA
salvomic,2,0,2,0.0735,1344,2720,2718,2,0,0,ITA
SamperiB,1,1,0,0.0368,1466,2720,2719,0,0,1,ITA
sandrarouge68,1,1,0,0.0368,28,2720,2719,1,0,0,USA
sandripavli,1,0,1,0.0368,1367,2720,2719,1,0,0,ITA
SandroAddario,1,0,1,0.0368,84,2720,2719,1,0,0,ITA
Sandrodream74,1,0,1,0.0368,10,2720,2719,1,0,0,ITA
SantellaMarco,1,1,0,0.0368,1919,2720,2719,1,0,0,ITA
SantinomySm,4,4,0,0.1471,746,2720,2716,4,0,0,ITA
SaralunaT,2,2,0,0.0735,558,2720,2718,2,0,0,ITA
SardegnaPRadio,1,1,0,0.0368,329,2720,2719,1,0,0,ITA
sarettarm82,1,1,0,0.0368,6,2720,2719,1,0,0,ITA
sarvexit,1,1,0,0.0368,1273,2720,2719,1,0,0,ITA
sbaffato,5,2,3,0.1838,437,2720,2715,5,0,0,ITA
scipio57,1,1,0,0.0368,234,2720,2719,1,0,0,ITA
Scorazzata,1,0,1,0.0368,7834,2720,2719,1,0,0,USA
ScoutsPompiers,2,2,0,0.0735,76,2720,2718,2,0,0,ITA
ScrivoLibero,1,0,1,0.0368,503,2720,2719,1,0,0,ITA
SegnalazioniSS,1,1,0,0.0368,352,2720,2719,0,1,0,ITA
selly_h96,1,1,0,0.0368,260,2720,2719,1,0,0,ITA
serenellavasco,1,1,0,0.0368,74,2720,2719,1,0,0,ITA
SergioBellano,5,5,0,0.1838,35,2720,2715,5,0,0,ITA
settesere,1,0,1,0.0368,833,2720,2719,1,0,0,ITA
sfbracciorosso,1,1,0,0.0368,27,2720,2719,1,0,0,ITA
sferriam,1,1,0,0.0368,568,2720,2719,1,0,0,USA
shasyafanzia,1,1,0,0.0368,20,2720,2719,1,0,0,ITA
shawnslaught,1,1,0,0.0368,6521,2720,2719,1,0,0,ITA
SheisGiu,1,1,0,0.0368,726,2720,2719,0,0,1,USA
SHIPaCARasap415,1,1,0,0.0368,34,2720,2719,1,0,0,ITA
signorile55,1,0,1,0.0368,0,2720,2719,1,0,0,ITA
sigworld,1,1,0,0.0368,296,2720,2719,1,0,0,ITA
SilvanaAlbanes1,2,2,0,0.0735,3611,2720,2718,2,0,0,ITA
silviafossiblog,1,1,0,0.0368,1233,2720,2719,1,0,0,ITA
silviaturin,1,1,0,0.0368,441,2720,2719,1,0,0,ITA
SilviaZennaro7,3,3,0,0.1103,138,2720,2717,3,0,0,ITA
silvio1288,14,14,0,0.5147,94,2720,2706,14,0,0,ESP
SIMARRO88,1,1,0,0.0368,110,2720,2719,1,0,0,ITA
simba6006,38,38,0,13.971,49,2720,2682,38,0,0,ITA
SinnovaIT,1,1,0,0.0368,1199,2720,2719,1,0,0,ITA
siracusanews,1,0,1,0.0368,3516,2720,2719,1,0,0,ITA
SiracusaTimes,2,0,2,0.0735,1062,2720,2718,2,0,0,ITA
Sirio081,1,1,0,0.0368,12,2720,2719,1,0,0,ITA
sisifoitalia,1,1,0,0.0368,223,2720,2719,1,0,0,ITA
sisifosrl,1,1,0,0.0368,3437,2720,2719,1,0,0,USA
sixstrings21,1,1,0,0.0368,1,2720,2719,1,0,0,DNK
SjylPoliti,1,1,0,0.0368,45038,2720,2719,1,0,0,ITA
sllitslien,1,0,1,0.0368,585,2720,2719,1,0,0,ITA
SMediaGreen,1,1,0,0.0368,368,2720,2719,1,0,0,ITA
snafribo,1,0,1,0.0368,44,2720,2719,1,0,0,ITA
Snoopy16466,1,1,0,0.0368,153,2720,2719,0,1,0,ITA
socialmiliac,3,1,2,0.1103,1221,2720,2717,3,0,0,ITA
soemiade,5,5,0,0.1838,191,2720,2715,5,0,0,USA
sohampandlt,1,1,0,0.0368,23,2720,2719,1,0,0,ITA
soleterramare,1,1,0,0.0368,676,2720,2719,0,1,0,ITA
soli1964,1,1,0,0.0368,1070,2720,2719,1,0,0,ITA
SolomonKisskiss,1,1,0,0.0368,15,2720,2719,1,0,0,ITA
sonnyscrivano,1,1,0,0.0368,3463,2720,2719,0,1,0,ITA
sonociambella,1,1,0,0.0368,1340,2720,2719,1,0,0,ITA
SpeBoccafogli,1,0,1,0.0368,132,2720,2719,1,0,0,ITA
SpinosoDavide,1,0,1,0.0368,617,2720,2719,1,0,0,USA
spouseshl,2,1,1,0.0735,1030,2720,2718,2,0,0,ESP
squalius,1,1,0,0.0368,5087,2720,2719,1,0,0,ITA
stagliacollo,1,1,0,0.0368,961,2720,2719,0,1,0,USA
StaletovicS,2,0,2,0.0735,2595,2720,2718,2,0,0,ITA
StampToscana,3,0,3,0.1103,3978,2720,2717,3,0,0,ITA
StationLavaredo,1,1,0,0.0368,230,2720,2719,0,0,1,ITA
Stefan0514,4,4,0,0.1471,202,2720,2716,4,0,0,ITA
StefaniaDiBiase,1,1,0,0.0368,65,2720,2719,1,0,0,ITA
StefaniaZucc,1,1,0,0.0368,888,2720,2719,0,1,0,ITA
stefanocarlo2,1,0,1,0.0368,288,2720,2719,1,0,0,ITA
StefanoLat,1,1,0,0.0368,11,2720,2719,1,0,0,ITA
StefanoLonghi2,1,1,0,0.0368,102,2720,2719,1,0,0,ITA
Stefbazzi,1,1,0,0.0368,465,2720,2719,0,1,0,ITA
stiglianopasqu1,1,1,0,0.0368,48,2720,2719,1,0,0,ITA
StoppaAntonio,29,24,5,10.662,132,2720,2691,29,0,0,USA
strategicpolicy,1,1,0,0.0368,1418,2720,2719,1,0,0,ITA
streghina62,1,1,0,0.0368,691,2720,2719,1,0,0,ITA
STUDIOLEGALEACP,1,0,1,0.0368,49,2720,2719,1,0,0,USA
Superdopafly,1,0,1,0.0368,103,2720,2719,1,0,0,USA
sushthesis,1,1,0,0.0368,1686,2720,2719,1,0,0,ITA
SusiBallabio78,1,1,0,0.0368,739,2720,2719,1,0,0,ITA
sutikamarina,1,0,1,0.0368,95,2720,2719,1,0,0,ITA
taccola10,1,1,0,0.0368,458,2720,2719,1,0,0,USA
tamaradandria,19,19,0,0.6985,14,2720,2701,19,0,0,ITA
taniadigennaro,39,38,1,14.338,40,2720,2681,39,0,0,ITA
telebrindisiweb,3,0,3,0.1103,1131,2720,2717,3,0,0,ITA
TeleRompo,1,0,1,0.0368,2320,2720,2719,1,0,0,ITA
tenshi355,2,0,2,0.0735,79,2720,2718,2,0,0,ITA
TeoMg96,1,1,0,0.0368,249,2720,2719,1,0,0,ITA
TernaSpA,3,0,3,0.1103,2663,2720,2717,3,0,0,USA
terrorfunding,2,2,0,0.0735,16,2720,2718,2,0,0,ITA
TerzoDiritto,3,3,0,0.1103,1506,2720,2717,3,0,0,ITA
Tg3web,1,0,1,0.0368,163654,2720,2719,1,0,0,ITA
TgrCalabria,2,1,1,0.0735,1583,2720,2718,2,0,0,ITA
TgrMolise,1,0,1,0.0368,1105,2720,2719,1,0,0,ITA
TgrPiemonte,1,0,1,0.0368,1779,2720,2719,1,0,0,ITA
TgrRai,17,17,0,0.625,25124,2720,2703,17,0,0,ITA
TgrRaiFVG,4,0,4,0.1471,1494,2720,2716,4,0,0,ITA
TgrRaiLazio,4,1,3,0.1471,2503,2720,2716,4,0,0,ITA
TgrRaiPuglia,1,0,1,0.0368,1363,2720,2719,1,0,0,ITA
TgrRaiToscana,1,0,1,0.0368,1646,2720,2719,1,0,0,ITA
TgrSardegna,4,1,3,0.1471,1997,2720,2716,4,0,0,ITA
tgrvda,1,0,1,0.0368,2362,2720,2719,1,0,0,ITA
TgVerona,1,0,1,0.0368,3371,2720,2719,1,0,0,USA
TheMusketeer8,1,0,1,0.0368,19,2720,2719,1,0,0,ITA
TheRenry,1,1,0,0.0368,541,2720,2719,0,1,0,ITA
TINAGULLI1,1,1,0,0.0368,1100,2720,2719,0,1,0,USA
tine_10e,1,1,0,0.0368,2168,2720,2719,1,0,0,USA
Titasista,1,0,1,0.0368,152,2720,2719,1,0,0,ITA
TMilitari,1,0,1,0.0368,1,2720,2719,1,0,0,USA
ToktakM0nnapat,1,1,0,0.0368,31,2720,2719,1,0,0,ITA
TommyMediagold,16,0,16,0.5882,52,2720,2704,16,0,0,ITA
Tomrunner2,3,3,0,0.1103,445,2720,2717,3,0,0,ITA
toninoiltipo,2,1,1,0.0735,11,2720,2718,1,1,0,ITA
tony_elias15,2,2,0,0.0735,12,2720,2718,2,0,0,ITA
Toscanaccia1,1,1,0,0.0368,388,2720,2719,1,0,0,ITA
trekking_tv,3,0,3,0.1103,70,2720,2717,3,0,0,ITA
TRIESTEALLNEWS,1,0,1,0.0368,2732,2720,2719,1,0,0,ITA
trincherov,6,0,6,0.2206,12,2720,2714,6,0,0,USA
Trinity8mm,1,1,0,0.0368,756,2720,2719,1,0,0,USA
tulipano_anna,2,2,0,0.0735,9,2720,2718,2,0,0,ITA
Turiddu69,1,1,0,0.0368,176,2720,2719,1,0,0,ITA
twi_sabino,1,1,0,0.0368,275,2720,2719,1,0,0,ITA
Twiperbole,1,1,0,0.0368,52058,2720,2719,1,0,0,ITA
twittodarte,1,1,0,0.0368,1396,2720,2719,1,0,0,ITA
twMirandolina,1,1,0,0.0368,2255,2720,2719,1,0,0,ITA
U_R_F_I,3,3,0,0.1103,745,2720,2717,3,0,0,ITA
UmbriaDomani,3,0,3,0.1103,1040,2720,2717,3,0,0,ITA
umbriajournal_,1,0,1,0.0368,2900,2720,2719,1,0,0,ITA
unblogpolitico,3,3,0,0.1103,477,2720,2717,2,1,0,ITA
UrbimanoOrbi,2,0,2,0.0735,68,2720,2718,2,0,0,USA
usatoscherma,1,1,0,0.0368,10,2720,2719,1,0,0,ITA
VabScordia,1,1,0,0.0368,658,2720,2719,0,1,0,ITA
Valelovesamanda,1,1,0,0.0368,726,2720,2719,1,0,0,ITA
ValoreSociale,1,1,0,0.0368,3666,2720,2719,1,0,0,USA
value4valuables,1,0,1,0.0368,45,2720,2719,1,0,0,ITA
valy_s,1,1,0,0.0368,18419,2720,2719,0,1,0,ITA
vam237,1,1,0,0.0368,93,2720,2719,1,0,0,ITA
VaniaCecconi,1,1,0,0.0368,350,2720,2719,1,0,0,ITA
Vasco35481906,1,1,0,0.0368,40,2720,2719,0,1,0,ITA
venjames,13,13,0,0.4779,59,2720,2707,13,0,0,ITA
VerbaniaNotizie,1,0,1,0.0368,2703,2720,2719,1,0,0,ESP
VicentePugliaAr,1,1,0,0.0368,2708,2720,2719,1,0,0,ITA
Vicenza_Today,1,0,1,0.0368,3125,2720,2719,1,0,0,USA
videOasls,1,1,0,0.0368,37,2720,2719,1,0,0,USA
vincenzogfg,4,3,1,0.1471,406,2720,2716,4,0,0,ITA
VinoegustoBlog,1,0,1,0.0368,853,2720,2719,1,0,0,ITA
VIOLAMARTELLA46,1,1,0,0.0368,323,2720,2719,0,0,1,ITA
Virtualmypos,1,1,0,0.0368,27,2720,2719,1,0,0,ITA
Vitasostenibile,1,1,0,0.0368,284,2720,2719,1,0,0,ITA
vitto_72,1,0,1,0.0368,8,2720,2719,1,0,0,ITA
vlasic85,1,1,0,0.0368,3,2720,2719,0,0,1,ITA
VMaielli,1,1,0,0.0368,1130,2720,2719,1,0,0,ITA
vmvmarco,1,1,0,0.0368,214,2720,2719,1,0,0,ITA
VozzaAnita,1,1,0,0.0368,50,2720,2719,1,0,0,ITA
Weblifemedia,1,1,0,0.0368,93,2720,2719,1,0,0,ITA
webnauta59,8,7,1,0.2941,3261,2720,2712,8,0,0,ITA
WhitewolfGori,1,1,0,0.0368,1613,2720,2719,0,1,0,ITA
woland1964,1,1,0,0.0368,899,2720,2719,1,0,0,ITA
wwf_taranto,1,1,0,0.0368,751,2720,2719,1,0,0,ITA
WWFitalia,1,0,1,0.0368,94300,2720,2719,1,0,0,ITA
xbici,1,0,1,0.0368,47,2720,2719,1,0,0,ITA
xblunotte,1,1,0,0.0368,607,2720,2719,1,0,0,ITA
Yennypm_81,1,1,0,0.0368,159,2720,2719,1,0,0,ITA
YouReporter,1,0,1,0.0368,63132,2720,2719,1,0,0,ITA
ZacchedduFranc1,1,1,0,0.0368,687,2720,2719,1,0,0,ITA
ZampieriChiara,1,1,0,0.0368,9502,2720,2719,0,1,0,ITA
zaynslaugh__,1,1,0,0.0368,936,2720,2719,1,0,0,ITA
zenobili,2,2,0,0.0735,57,2720,2718,2,0,0,ITA
ziotinotgr,1,1,0,0.0368,514,2720,2719,1,0,0,ITA
